Individual_ID,status,n_cells
Donor_6,kept,5951.0
Donor_95,kept,5051.0
Donor_83,kept,3319.0
Donor_1094,kept,2173.0
Donor_689,kept,1748.0
Donor_739,kept,3136.0
Donor_1244,kept,3757.0
Donor_532,kept,2340.0
Donor_513,kept,1012.0
Donor_274,kept,689.0
Donor_803,kept,5839.0
Donor_1481,kept,3948.0
Donor_1073,kept,4232.0
Donor_508,kept,3123.0
Donor_1115,kept,2962.0
Donor_847,kept,2703.0
Donor_607,kept,257.0
Donor_758,kept,217.0
Donor_800,kept,225.0
Donor_702,kept,169.0
Donor_341,kept,42.0
Donor_501,kept,5331.0
Donor_1431,kept,3463.0
Donor_517,kept,2895.0
Donor_1158,kept,3554.0
Donor_271,kept,2938.0
Donor_795,kept,699.0
Donor_1001,kept,8324.0
Donor_1074,kept,2777.0
Donor_1428,kept,1815.0
Donor_1473,kept,5985.0
Donor_1039,kept,4380.0
Donor_833,kept,3410.0
Donor_1224,kept,1777.0
Donor_731,kept,605.0
Donor_881,kept,3635.0
Donor_585,kept,3222.0
Donor_652,kept,2172.0
Donor_610,kept,1650.0
Donor_488,kept,3478.0
Donor_386,kept,4170.0
Donor_217,kept,4424.0
Donor_642,kept,3858.0
Donor_1363,kept,3717.0
Donor_1035,kept,1713.0
Donor_1101,kept,7060.0
Donor_402,kept,4430.0
Donor_65,kept,3349.0
Donor_383,kept,2345.0
Donor_1198,kept,2189.0
Donor_927,kept,5581.0
Donor_1464,kept,6109.0
Donor_174,kept,3547.0
Donor_312,kept,1294.0
Donor_1362,kept,4811.0
Donor_1374,kept,3252.0
Donor_828,kept,4212.0
Donor_1341,kept,2408.0
Donor_762,kept,770.0
Donor_1077,kept,6162.0
Donor_476,kept,5150.0
Donor_945,kept,4313.0
Donor_329,kept,5006.0
Donor_168,kept,4941.0
Donor_540,kept,5246.0
Donor_457,kept,2364.0
Donor_153,kept,1588.0
Donor_995,kept,589.0
Donor_487,kept,3346.0
Donor_580,kept,4213.0
Donor_569,kept,3569.0
Donor_1454,kept,4260.0
Donor_216,kept,940.0
Donor_806,kept,2256.0
Donor_688,kept,7742.0
Donor_415,kept,4915.0
Donor_560,kept,3041.0
Donor_641,kept,2571.0
Donor_228,kept,1509.0
Donor_1333,kept,2001.0
Donor_1061,kept,5177.0
Donor_160,kept,4007.0
Donor_566,kept,4381.0
Donor_1268,kept,3798.0
Donor_388,kept,3004.0
Donor_947,kept,3008.0
Donor_940,kept,5190.0
Donor_703,kept,4411.0
Donor_1172,kept,4661.0
Donor_1249,kept,4132.0
Donor_746,kept,3917.0
Donor_193,kept,2198.0
Donor_754,,
Donor_24,kept,79.0
Donor_720,kept,120.0
,removed,142.0
Donor_857,kept,5857.0
Donor_776,kept,3653.0
Donor_953,kept,3217.0
Donor_59,kept,3201.0
Donor_775,kept,2295.0
Donor_1336,kept,2408.0
Donor_1092,kept,5837.0
Donor_565,kept,5502.0
Donor_933,kept,4941.0
Donor_1443,kept,4092.0
Donor_509,kept,2278.0
Donor_894,kept,1401.0
Donor_564,kept,5425.0
Donor_382,kept,3948.0
Donor_1021,kept,2392.0
Donor_46,kept,1605.0
Donor_399,kept,687.0
Donor_76,kept,5805.0
Donor_932,kept,5885.0
Donor_289,kept,4931.0
Donor_435,kept,3706.0
Donor_1256,kept,4043.0
Donor_913,kept,3045.0
Donor_586,kept,7865.0
Donor_486,kept,6504.0
Donor_1394,kept,6572.0
Donor_79,kept,2701.0
Donor_69,kept,2262.0
Donor_28,kept,2117.0
Donor_1053,kept,5966.0
Donor_39,kept,5018.0
Donor_144,kept,4219.0
Donor_306,kept,4505.0
Donor_250,kept,2698.0
Donor_1005,kept,6462.0
Donor_1210,kept,2747.0
Donor_887,kept,1786.0
Donor_125,kept,776.0
,removed,533.0
Donor_723,kept,9591.0
Donor_765,kept,2879.0
Donor_1351,,
,removed,5.0
Donor_350,kept,8214.0
Donor_97,kept,7794.0
Donor_596,kept,5994.0
Donor_1442,kept,4385.0
Donor_942,kept,4383.0
Donor_678,kept,163.0
Donor_1371,kept,8345.0
Donor_20,kept,6004.0
Donor_567,kept,4641.0
Donor_371,kept,990.0
Donor_316,kept,3103.0
Donor_413,kept,7607.0
Donor_1311,kept,4097.0
Donor_820,kept,3657.0
Donor_201,kept,4080.0
Donor_1466,kept,2394.0
Donor_1071,kept,7146.0
Donor_896,kept,5010.0
Donor_890,kept,3934.0
Donor_1175,kept,4636.0
Donor_671,kept,2689.0
Donor_1223,kept,1349.0
Donor_1141,kept,5367.0
Donor_593,kept,3567.0
Donor_691,kept,3891.0
Donor_690,kept,3417.0
Donor_108,kept,6430.0
Donor_1046,kept,4615.0
Donor_194,kept,4523.0
Donor_789,kept,4464.0
Donor_618,kept,3688.0
,removed,7.0
Donor_505,kept,7702.0
Donor_104,kept,6138.0
Donor_841,kept,4883.0
Donor_1080,kept,3242.0
Donor_19,kept,1023.0
Donor_1157,kept,10631.0
Donor_879,kept,5243.0
Donor_1381,kept,4854.0
,removed,78.0
,removed,25.0
Donor_529,kept,3983.0
Donor_452,kept,2768.0
Donor_348,kept,6843.0
Donor_454,kept,5026.0
Donor_459,kept,5246.0
Donor_288,kept,2597.0
Donor_825,kept,3314.0
Donor_1302,kept,2022.0
Donor_667,kept,10215.0
Donor_170,kept,6417.0
Donor_966,kept,4204.0
Donor_1425,kept,3647.0
Donor_314,kept,3121.0
Donor_589,kept,1565.0
Donor_1319,kept,3247.0
Donor_321,kept,6393.0
Donor_12,kept,2551.0
Donor_1285,kept,2381.0
Donor_783,kept,1027.0
,removed,8.0
Donor_1368,kept,5354.0
Donor_603,kept,7129.0
Donor_81,kept,4859.0
Donor_886,kept,3715.0
Donor_1060,kept,4261.0
Donor_1199,kept,3798.0
Donor_1121,kept,1072.0
Donor_433,kept,2742.0
Donor_626,kept,167.0
Donor_32,kept,1172.0
Donor_573,kept,8174.0
Donor_100,kept,7721.0
Donor_96,kept,7282.0
Donor_1445,kept,6088.0
Donor_617,kept,4776.0
,removed,5.0
Donor_1170,kept,5745.0
Donor_17,kept,4435.0
Donor_963,kept,4970.0
Donor_113,kept,3744.0
Donor_1397,kept,3210.0
Donor_504,kept,53.0
Donor_412,kept,7229.0
Donor_394,kept,5776.0
Donor_680,kept,3508.0
Donor_1335,kept,3312.0
Donor_23,kept,2968.0
Donor_1355,kept,6928.0
Donor_137,kept,5495.0
Donor_1133,kept,4804.0
Donor_1009,kept,3513.0
Donor_1403,kept,1844.0
Donor_859,kept,1289.0
Donor_711,kept,9108.0
Donor_145,kept,6269.0
Donor_1111,kept,5458.0
Donor_1251,kept,5721.0
Donor_1059,kept,5493.0
Donor_1388,kept,2533.0
Donor_782,kept,8765.0
Donor_1323,kept,2023.0
Donor_600,kept,4933.0
,removed,5417.0
Donor_1214,kept,8536.0
Donor_1337,kept,8207.0
Donor_727,kept,5808.0
Donor_729,kept,5155.0
Donor_195,kept,949.0
Donor_280,kept,4178.0
Donor_1432,kept,4019.0
Donor_1033,kept,4023.0
Donor_880,kept,3250.0
Donor_574,kept,3296.0
Donor_980,kept,972.0
Donor_1208,kept,3140.0
Donor_251,kept,5944.0
Donor_482,kept,5128.0
Donor_1142,kept,2394.0
Donor_171,kept,2283.0
Donor_1216,kept,7211.0
Donor_911,kept,6112.0
Donor_1042,kept,4065.0
Donor_426,kept,1749.0
Donor_598,kept,552.0
,removed,7.0
Donor_1139,kept,7638.0
Donor_52,kept,5609.0
Donor_737,kept,5811.0
Donor_189,kept,5745.0
Donor_1310,kept,4699.0
Donor_1314,kept,3367.0
Donor_1187,kept,4193.0
Donor_143,kept,3546.0
Donor_1421,kept,4730.0
Donor_1400,kept,3232.0
Donor_1265,kept,3801.0
Donor_507,kept,5875.0
Donor_203,kept,5545.0
Donor_752,kept,6008.0
Donor_1357,kept,4955.0
Donor_1482,kept,4644.0
Donor_1486,kept,4784.0
Donor_256,kept,6189.0
Donor_446,kept,3597.0
Donor_215,kept,5759.0
Donor_669,kept,4363.0
Donor_903,kept,4102.0
Donor_1143,,
Donor_810,kept,6460.0
Donor_679,kept,5577.0
Donor_827,kept,5995.0
Donor_1413,kept,2403.0
Donor_873,kept,1592.0
Donor_431,kept,5882.0
Donor_792,kept,4787.0
Donor_292,,
Donor_439,kept,4885.0
Donor_949,kept,735.0
Donor_619,kept,1394.0
Donor_1132,kept,8235.0
Donor_1494,kept,6005.0
Donor_294,kept,4101.0
Donor_1470,kept,3509.0
Donor_1269,kept,2204.0
Donor_325,kept,5968.0
Donor_440,kept,5310.0
Donor_931,kept,4431.0
Donor_656,kept,2843.0
Donor_354,kept,1340.0
Donor_649,kept,6806.0
Donor_818,kept,6892.0
Donor_579,kept,4092.0
Donor_636,kept,3376.0
Donor_1461,kept,2081.0
Donor_266,kept,5279.0
Donor_735,kept,5143.0
Donor_331,kept,4137.0
Donor_1108,kept,2020.0
Donor_1120,kept,689.0
Donor_771,kept,6554.0
Donor_925,kept,6606.0
Donor_1234,kept,4233.0
Donor_993,,
Donor_86,,
Donor_1356,kept,9431.0
Donor_123,kept,6847.0
Donor_336,kept,5796.0
Donor_612,kept,4585.0
Donor_78,kept,3267.0
Donor_499,kept,3274.0
Donor_419,kept,3353.0
Donor_1456,kept,5446.0
Donor_599,kept,3262.0
Donor_231,kept,1879.0
Donor_365,kept,705.0
Donor_1415,kept,5064.0
Donor_1012,kept,4314.0
Donor_668,kept,4268.0
Donor_490,kept,739.0
Donor_391,kept,2048.0
Donor_1396,kept,5766.0
Donor_51,kept,3906.0
Donor_403,,
Donor_276,kept,2123.0
Donor_148,kept,3750.0
Donor_877,kept,7448.0
Donor_1260,kept,6234.0
Donor_964,kept,1895.0
Donor_1404,kept,3909.0
Donor_1205,kept,4182.0
Donor_1109,kept,3249.0
Donor_158,kept,2341.0
Donor_1460,kept,1966.0
Donor_338,kept,7661.0
Donor_1229,kept,4393.0
Donor_1218,kept,6300.0
Donor_906,kept,3811.0
Donor_1097,kept,3059.0
Donor_315,kept,1121.0
Donor_588,kept,5874.0
Donor_469,kept,2424.0
Donor_385,kept,1703.0
Donor_379,kept,3460.0
Donor_696,kept,2845.0
Donor_767,kept,1310.0
Donor_114,kept,7397.0
Donor_127,kept,6303.0
Donor_369,kept,6731.0
Donor_240,kept,4101.0
Donor_1360,kept,4416.0
Donor_1183,kept,1762.0
Donor_791,kept,6410.0
Donor_1266,kept,5659.0
Donor_1192,kept,2091.0
Donor_665,kept,2532.0
Donor_511,kept,2113.0
Donor_1211,kept,9542.0
Donor_133,kept,8367.0
Donor_986,kept,5315.0
,removed,5119.0
Donor_1160,kept,1828.0
Donor_422,kept,5898.0
Donor_883,kept,2643.0
Donor_410,kept,2475.0
Donor_1107,kept,2462.0
Donor_869,kept,2294.0
Donor_239,kept,763.0
Donor_1287,kept,7954.0
Donor_725,kept,4770.0
Donor_654,kept,4031.0
Donor_651,kept,1770.0
Donor_666,kept,4396.0
Donor_106,kept,4549.0
Donor_132,kept,3718.0
Donor_745,kept,3906.0
Donor_965,kept,1336.0
Donor_227,kept,1361.0
Donor_548,kept,5085.0
Donor_650,kept,2973.0
Donor_1299,kept,4090.0
Donor_491,kept,1075.0
Donor_1182,kept,531.0
Donor_167,kept,990.0
Donor_1243,kept,5348.0
Donor_202,kept,1772.0
Donor_794,kept,5796.0
Donor_134,kept,4044.0
Donor_165,kept,3639.0
Donor_58,kept,853.0
Donor_722,kept,5488.0
Donor_82,kept,2388.0
Donor_57,kept,4051.0
Donor_375,kept,2792.0
Donor_395,kept,1387.0
Donor_1037,kept,708.0
Donor_1190,kept,6371.0
Donor_811,kept,5868.0
Donor_1433,kept,5073.0
Donor_874,kept,4518.0
Donor_802,kept,2730.0
Donor_1247,kept,2912.0
Donor_93,kept,7986.0
Donor_237,kept,6589.0
Donor_1293,kept,5784.0
Donor_1289,kept,5430.0
Donor_774,kept,3024.0
Donor_1168,kept,1848.0
Donor_743,kept,1799.0
Donor_628,kept,1368.0
Donor_1093,kept,1506.0
Donor_1184,kept,1694.0
Donor_1440,kept,8805.0
Donor_518,,
Donor_831,kept,4874.0
Donor_184,kept,2146.0
Donor_473,kept,2677.0
Donor_267,kept,2631.0
Donor_73,kept,1120.0
Donor_221,kept,1329.0
Donor_1286,kept,1148.0
Donor_351,kept,1232.0
Donor_1171,kept,2803.0
Donor_443,kept,1943.0
Donor_1253,kept,1557.0
Donor_8,kept,387.0
Donor_1163,kept,6414.0
Donor_138,kept,6107.0
Donor_1427,kept,5665.0
Donor_464,kept,5212.0
Donor_1225,kept,4889.0
Donor_786,kept,2386.0
Donor_346,kept,5259.0
Donor_819,kept,4250.0
Donor_854,kept,4044.0
Donor_1232,kept,3707.0
Donor_1016,kept,1699.0
Donor_1088,kept,4667.0
Donor_1463,kept,3724.0
Donor_299,kept,3713.0
Donor_197,kept,1994.0
Donor_1448,kept,1909.0
,removed,52.0
Donor_1209,kept,4960.0
Donor_99,kept,4364.0
Donor_547,kept,3997.0
Donor_1282,kept,3261.0
Donor_35,kept,692.0
Donor_441,kept,5375.0
Donor_780,kept,4663.0
Donor_957,kept,3873.0
Donor_64,kept,3170.0
Donor_91,kept,2624.0
Donor_142,kept,6776.0
Donor_347,kept,5414.0
Donor_1327,kept,4888.0
Donor_544,kept,2788.0
Donor_209,kept,1394.0
Donor_14,kept,6996.0
Donor_1361,,
Donor_538,kept,4157.0
Donor_183,kept,3679.0
Donor_1491,kept,2267.0
Donor_1179,kept,994.0
Donor_466,kept,6021.0
Donor_60,kept,4589.0
Donor_1376,kept,4881.0
Donor_2,kept,3420.0
Donor_376,kept,2960.0
Donor_555,kept,956.0
Donor_1161,kept,6766.0
Donor_361,kept,4542.0
Donor_1290,kept,3441.0
Donor_1221,kept,2349.0
Donor_456,kept,5190.0
Donor_323,kept,3871.0
Donor_13,kept,2997.0
Donor_416,kept,3201.0
Donor_830,kept,2252.0
Donor_1245,kept,868.0
Donor_448,kept,1585.0
Donor_401,kept,3786.0
Donor_697,kept,2999.0
Donor_1154,kept,1678.0
Donor_1478,kept,1372.0
Donor_948,kept,1343.0
Donor_178,kept,104.0
Donor_634,kept,5343.0
Donor_389,kept,3906.0
Donor_633,kept,3490.0
Donor_770,kept,2150.0
Donor_1352,kept,1367.0
Donor_740,kept,1269.0
Donor_444,kept,2010.0
Donor_1084,kept,2426.0
Donor_188,kept,1187.0
Donor_290,kept,716.0
,removed,209.0
Donor_1066,kept,2180.0
Donor_219,kept,2082.0
Donor_71,kept,1024.0
Donor_760,kept,292.0
Donor_1004,kept,286.0
,removed,12.0
Donor_527,kept,3792.0
Donor_614,kept,3275.0
Donor_705,kept,1954.0
Donor_50,,
Donor_156,kept,1033.0
Donor_1349,,
Donor_1338,kept,6261.0
Donor_1239,kept,2574.0
Donor_229,kept,2753.0
Donor_1435,kept,1361.0
Donor_115,kept,1358.0
,removed,16.0
Donor_900,kept,7502.0
Donor_1167,kept,9264.0
Donor_856,kept,8305.0
Donor_1087,kept,3535.0
Donor_1306,kept,938.0
Donor_326,kept,8651.0
Donor_423,kept,6866.0
Donor_984,kept,6395.0
Donor_876,kept,2225.0
Donor_1169,kept,2248.0
Donor_130,kept,10386.0
Donor_300,kept,5572.0
Donor_1026,kept,4696.0
Donor_658,kept,5874.0
Donor_1075,kept,3313.0
Donor_33,kept,153.0
Donor_211,kept,7484.0
Donor_263,kept,6632.0
Donor_627,kept,4976.0
Donor_577,kept,4721.0
Donor_1444,kept,1801.0
Donor_45,kept,959.0
Donor_615,kept,7632.0
Donor_1178,kept,7115.0
Donor_1398,kept,7407.0
Donor_120,kept,6334.0
Donor_839,kept,6055.0
Donor_824,kept,3975.0
Donor_1222,,
Donor_257,kept,4195.0
Donor_1475,kept,3773.0
Donor_11,kept,7033.0
Donor_1137,kept,5366.0
Donor_225,kept,4727.0
Donor_474,kept,3938.0
Donor_1085,kept,4316.0
Donor_1231,kept,2530.0
Donor_489,kept,6015.0
Donor_313,kept,5570.0
Donor_1489,kept,13112.0
Donor_265,kept,3709.0
Donor_89,kept,2263.0
Donor_1045,kept,3881.0
Donor_568,kept,3622.0
Donor_1315,kept,2651.0
Donor_1493,kept,1707.0
Donor_1155,kept,1743.0
Donor_480,,
Donor_1321,kept,3944.0
Donor_875,kept,3662.0
Donor_988,kept,3796.0
Donor_234,kept,3402.0
Donor_990,kept,1255.0
Donor_1446,kept,109.0
Donor_1262,kept,4895.0
Donor_269,kept,4433.0
Donor_960,kept,3715.0
Donor_352,kept,1200.0
Donor_967,kept,1952.0
Donor_1122,kept,2890.0
Donor_682,kept,16528.0
Donor_398,kept,8020.0
Donor_623,kept,6045.0
Donor_5,kept,2714.0
Donor_734,kept,3517.0
Donor_462,kept,6480.0
Donor_296,kept,6817.0
Donor_613,kept,2296.0
Donor_784,kept,2074.0
Donor_1201,kept,8425.0
Donor_146,kept,6321.0
Donor_421,kept,6908.0
Donor_1020,kept,3879.0
Donor_515,kept,3037.0
Donor_982,kept,3754.0
Donor_111,kept,10715.0
Donor_384,kept,5775.0
Donor_908,kept,4078.0
Donor_484,kept,3712.0
Donor_372,kept,1550.0
Donor_1165,kept,3288.0
Donor_606,kept,3100.0
Donor_1017,kept,2959.0
Donor_624,,
,removed,362.0
Donor_1339,kept,7928.0
Donor_969,kept,4965.0
Donor_1086,kept,5514.0
Donor_1220,kept,4724.0
Donor_815,kept,10409.0
Donor_180,kept,7582.0
Donor_1056,kept,4138.0
Donor_1405,kept,1872.0
Donor_1089,kept,751.0
Donor_406,kept,1190.0
Donor_999,kept,3482.0
Donor_1200,kept,4031.0
Donor_1054,kept,850.0
Donor_102,kept,1525.0
Donor_698,kept,6288.0
Donor_747,kept,5633.0
Donor_587,kept,4560.0
Donor_7,kept,3951.0
Donor_220,kept,2128.0
Donor_182,kept,1459.0
Donor_1002,kept,8931.0
Donor_1,kept,8101.0
Donor_1284,kept,5335.0
Donor_917,kept,5217.0
Donor_983,kept,4468.0
Donor_3,kept,582.0
Donor_436,kept,7344.0
Donor_87,kept,5739.0
Donor_561,kept,4589.0
Donor_1116,kept,2956.0
Donor_222,kept,4057.0
Donor_339,kept,1642.0
Donor_1242,kept,5866.0
Donor_107,kept,6850.0
Donor_163,kept,6008.0
Donor_212,kept,5400.0
Donor_1034,kept,3406.0
,removed,4.0
Donor_1412,kept,8048.0
Donor_1419,kept,7319.0
Donor_381,kept,6727.0
Donor_710,kept,5017.0
Donor_362,kept,5337.0
Donor_1030,kept,3781.0
Donor_434,kept,7645.0
Donor_353,kept,6295.0
Donor_1138,kept,5525.0
Donor_553,kept,5115.0
Donor_530,kept,3154.0
Donor_1264,kept,654.0
Donor_571,kept,9472.0
Donor_1146,kept,8018.0
Donor_1166,kept,7564.0
Donor_864,kept,4559.0
Donor_1104,kept,4254.0
Donor_429,kept,3216.0
Donor_594,kept,2707.0
Donor_832,kept,3746.0
Donor_62,kept,2902.0
Donor_952,kept,3780.0
Donor_558,kept,809.0
Donor_674,kept,2616.0
Donor_1250,kept,1583.0
Donor_640,kept,1232.0
Donor_977,kept,875.0
Donor_1027,kept,415.0
Donor_962,kept,7874.0
Donor_721,kept,7933.0
Donor_655,kept,7844.0
Donor_344,kept,7740.0
Donor_526,kept,7725.0
Donor_116,kept,2493.0
Donor_360,kept,8422.0
Donor_262,kept,8066.0
Donor_1416,kept,3729.0
Donor_1331,kept,951.0
Donor_105,kept,10349.0
Donor_1377,kept,8382.0
,removed,9055.0
Donor_959,kept,6007.0
Donor_186,kept,3207.0
Donor_1136,kept,7501.0
Donor_657,kept,7659.0
Donor_1241,kept,6792.0
Donor_1383,kept,6961.0
Donor_1153,kept,5821.0
Donor_766,kept,474.0
Donor_533,kept,7028.0
Donor_470,kept,7330.0
Donor_961,kept,6459.0
Donor_543,kept,5927.0
Donor_63,kept,5611.0
Donor_639,kept,3032.0
Donor_140,kept,4569.0
Donor_26,kept,3282.0
Donor_1429,kept,3069.0
Donor_199,kept,2368.0
Donor_1127,kept,1711.0
Donor_392,kept,8811.0
Donor_84,kept,6665.0
Donor_1076,kept,1798.0
Donor_1047,kept,8479.0
Donor_644,kept,7452.0
Donor_701,kept,4723.0
Donor_226,kept,3533.0
Donor_992,kept,1085.0
Donor_601,kept,1636.0
Donor_609,kept,7326.0
Donor_1191,kept,4403.0
Donor_1018,kept,4161.0
Donor_764,kept,2923.0
Donor_989,kept,2301.0
Donor_798,kept,1232.0
Donor_1296,kept,8576.0
Donor_1102,kept,7515.0
Donor_110,kept,3689.0
Donor_151,kept,5953.0
Donor_1453,kept,5353.0
Donor_939,kept,1783.0
Donor_1050,,
,removed,10221.0
Donor_930,kept,7322.0
Donor_117,kept,6447.0
Donor_1164,kept,5992.0
Donor_497,kept,4087.0
Donor_1028,kept,9538.0
Donor_1365,kept,7551.0
Donor_345,kept,6188.0
Donor_425,kept,5566.0
Donor_1036,kept,4018.0
Donor_427,kept,553.0
Donor_717,kept,8114.0
Donor_898,kept,6369.0
Donor_922,kept,5133.0
Donor_36,kept,3447.0
Donor_293,kept,2289.0
Donor_829,kept,928.0
Donor_1313,kept,5762.0
Donor_1393,kept,4961.0
Donor_390,kept,4960.0
Donor_261,kept,3749.0
Donor_1151,kept,2470.0
Donor_414,kept,1781.0
Donor_852,kept,8411.0
Donor_252,kept,9204.0
Donor_604,kept,7838.0
Donor_851,kept,6811.0
Donor_259,kept,3676.0
Donor_272,kept,815.0
Donor_1378,kept,9110.0
Donor_1434,kept,7272.0
Donor_1177,kept,2935.0
Donor_1283,kept,5934.0
Donor_730,kept,4496.0
Donor_884,kept,1691.0
Donor_1273,kept,5906.0
Donor_1385,kept,8367.0
Donor_98,kept,3282.0
Donor_715,,
Donor_387,kept,2780.0
Donor_846,kept,2719.0
Donor_872,kept,2574.0
Donor_330,,
,removed,9.0
Donor_1402,kept,8870.0
Donor_1477,kept,8663.0
Donor_1162,kept,7195.0
Donor_1185,kept,4613.0
Donor_790,kept,160.0
Donor_291,kept,6823.0
Donor_1342,kept,6447.0
Donor_206,kept,4412.0
Donor_749,kept,2439.0
Donor_716,kept,2462.0
Donor_1064,kept,1220.0
Donor_405,kept,5017.0
Donor_1455,kept,3932.0
Donor_895,,
Donor_1399,kept,1361.0
Donor_467,kept,1102.0
Donor_704,kept,8090.0
Donor_1347,kept,7309.0
Donor_645,kept,6262.0
Donor_75,kept,3327.0
Donor_43,kept,200.0
Donor_327,kept,5673.0
Donor_575,kept,3834.0
Donor_1488,kept,3935.0
Donor_968,kept,1564.0
Donor_118,kept,2686.0
Donor_1258,kept,7426.0
Donor_1345,kept,5805.0
Donor_661,kept,4571.0
Donor_817,kept,3115.0
Donor_1373,kept,987.0
Donor_629,kept,3587.0
Donor_1226,kept,2833.0
Donor_502,kept,1924.0
Donor_1189,kept,2259.0
Donor_22,kept,2234.0
Donor_1083,kept,1157.0
Donor_1069,kept,8957.0
Donor_458,kept,7073.0
Donor_287,kept,5595.0
Donor_1471,kept,2706.0
Donor_42,kept,1494.0
Donor_1472,kept,910.0
Donor_122,kept,3324.0
Donor_1330,kept,5412.0
Donor_472,kept,7685.0
Donor_1292,kept,2618.0
Donor_1384,kept,2164.0
Donor_849,kept,255.0
Donor_449,kept,5950.0
Donor_785,kept,5449.0
Donor_858,kept,3516.0
Donor_152,kept,3685.0
Donor_1112,kept,2655.0
Donor_77,kept,7571.0
Donor_525,kept,6770.0
Donor_308,kept,6037.0
Donor_1281,kept,4512.0
Donor_1119,kept,7735.0
Donor_335,kept,1897.0
Donor_707,kept,5944.0
Donor_500,kept,5875.0
Donor_1040,kept,3984.0
Donor_972,kept,2530.0
Donor_670,kept,5944.0
Donor_328,kept,6176.0
Donor_683,kept,3375.0
Donor_693,kept,1176.0
Donor_842,kept,4987.0
Donor_248,kept,3787.0
Donor_910,kept,2035.0
Donor_72,kept,2677.0
Donor_1350,kept,1720.0
Donor_258,kept,1272.0
Donor_207,kept,7271.0
Donor_1441,kept,6707.0
Donor_253,kept,6449.0
Donor_1043,kept,5078.0
Donor_630,kept,4458.0
Donor_322,kept,1934.0
Donor_712,kept,7886.0
Donor_921,kept,6528.0
Donor_196,kept,4837.0
Donor_1197,kept,4135.0
Donor_1044,kept,3132.0
Donor_724,kept,7792.0
Donor_255,kept,8049.0
Donor_270,kept,5006.0
Donor_1052,kept,4490.0
Donor_1480,kept,2139.0
Donor_303,kept,1061.0
Donor_622,kept,9061.0
Donor_342,kept,8617.0
Donor_1449,kept,5775.0
Donor_1029,kept,5626.0
Donor_176,kept,3596.0
Donor_788,kept,1436.0
Donor_1057,kept,7604.0
Donor_305,kept,6167.0
Donor_1228,kept,6204.0
Donor_445,kept,4686.0
Donor_1032,kept,4175.0
Donor_556,kept,4802.0
Donor_861,kept,4487.0
Donor_1468,kept,2979.0
Donor_1354,kept,3721.0
Donor_812,kept,3010.0
Donor_150,kept,1296.0
Donor_1152,kept,6781.0
Donor_1366,kept,7992.0
Donor_1149,kept,5851.0
Donor_970,kept,4626.0
Donor_1202,kept,1619.0
Donor_534,kept,416.0
Donor_149,kept,7506.0
Donor_1024,kept,7488.0
Donor_368,kept,4717.0
Donor_822,kept,1596.0
Donor_242,kept,4200.0
Donor_420,kept,1748.0
Donor_1237,kept,10128.0
Donor_1215,kept,5970.0
Donor_602,kept,5973.0
Donor_916,kept,5375.0
Donor_284,kept,4349.0
Donor_684,kept,1251.0
Donor_1474,kept,6358.0
Donor_578,kept,6923.0
Donor_141,kept,7157.0
Donor_249,kept,4507.0
Donor_1274,kept,2352.0
Donor_1422,kept,1049.0
Donor_1227,kept,3343.0
Donor_1055,kept,3366.0
Donor_837,kept,3279.0
Donor_1003,kept,1344.0
Donor_370,kept,10090.0
Donor_1479,kept,3900.0
Donor_958,kept,5123.0
Donor_866,kept,3334.0
Donor_49,kept,1441.0
Donor_34,kept,1075.0
Donor_621,kept,4338.0
Donor_496,kept,4068.0
Donor_357,kept,3717.0
Donor_61,kept,3364.0
Donor_1081,kept,8009.0
Donor_1255,kept,7327.0
Donor_247,kept,4365.0
Donor_246,kept,3422.0
Donor_1049,kept,2010.0
Donor_750,kept,359.0
Donor_1013,kept,7030.0
Donor_128,kept,6039.0
Donor_672,kept,4267.0
Donor_109,kept,4625.0
Donor_154,kept,1797.0
Donor_905,kept,1767.0
Donor_243,kept,7685.0
Donor_549,kept,7108.0
Donor_235,kept,5694.0
Donor_451,kept,4768.0
Donor_53,kept,3549.0
Donor_793,kept,2407.0
Donor_260,kept,2596.0
Donor_366,kept,2067.0
Donor_1303,kept,871.0
Donor_169,kept,766.0
Donor_1271,kept,922.0
Donor_1447,kept,4534.0
Donor_1316,,
Donor_781,kept,2054.0
Donor_282,kept,829.0
Donor_512,kept,573.0
Donor_1181,kept,579.0
Donor_779,kept,7048.0
Donor_714,kept,4797.0
Donor_438,kept,991.0
Donor_778,kept,884.0
Donor_463,kept,773.0
Donor_1010,kept,5501.0
Donor_941,kept,5029.0
Donor_1148,kept,2584.0
Donor_9,kept,1864.0
Donor_796,kept,2011.0
Donor_1485,kept,1665.0
Donor_974,kept,1497.0
Donor_1467,kept,801.0
Donor_742,kept,744.0
Donor_744,kept,425.0
Donor_891,kept,381.0
Donor_1476,kept,8557.0
Donor_539,kept,7663.0
Donor_1465,kept,5045.0
Donor_733,kept,2957.0
Donor_1329,kept,2218.0
,removed,2.0
Donor_541,kept,4845.0
Donor_1346,kept,4527.0
Donor_919,kept,3586.0
Donor_1458,kept,2666.0
Donor_198,kept,1187.0
Donor_867,kept,1441.0
Donor_1328,kept,6099.0
Donor_763,kept,6070.0
Donor_1340,kept,5816.0
Donor_1147,kept,5267.0
Donor_1079,kept,3987.0
Donor_363,kept,4239.0
Donor_166,kept,5023.0
Donor_1051,kept,2857.0
Donor_1372,kept,4264.0
Donor_700,kept,2014.0
Donor_889,kept,1765.0
Donor_1140,kept,1119.0
Donor_1128,kept,4904.0
Donor_1252,kept,3546.0
Donor_213,kept,3363.0
Donor_1358,kept,1578.0
Donor_981,kept,1887.0
Donor_1263,kept,30.0
Donor_283,kept,7763.0
Donor_27,kept,3610.0
Donor_1280,kept,4351.0
Donor_1392,kept,5916.0
Donor_863,kept,1154.0
Donor_1270,,
Donor_1279,kept,9614.0
Donor_732,kept,6756.0
Donor_126,kept,6269.0
Donor_909,kept,4194.0
Donor_901,kept,611.0
Donor_1096,,
Donor_80,kept,10445.0
Donor_741,kept,6005.0
Donor_834,kept,4825.0
Donor_1437,kept,5862.0
Donor_380,kept,4216.0
Donor_1452,kept,118.0
Donor_692,kept,7941.0
Donor_868,kept,4668.0
Donor_483,kept,4217.0
Donor_200,kept,3893.0
Donor_460,kept,830.0
Donor_582,kept,346.0
Donor_56,kept,3913.0
Donor_971,kept,3826.0
Donor_230,kept,1361.0
Donor_816,kept,1463.0
Donor_85,kept,1660.0
Donor_663,,
Donor_190,kept,3454.0
Donor_699,,
Donor_1240,kept,7444.0
Donor_204,kept,5693.0
Donor_773,kept,4617.0
Donor_1277,kept,4901.0
Donor_686,kept,4579.0
Donor_584,kept,3529.0
Donor_1387,kept,6679.0
Donor_364,kept,5903.0
Donor_155,kept,5885.0
Donor_934,kept,5463.0
Donor_576,kept,3187.0
Donor_147,kept,9042.0
Donor_1417,kept,5781.0
Donor_1322,kept,5187.0
Donor_848,kept,4668.0
Donor_625,,
Donor_769,kept,1386.0
,removed,10497.0
Donor_951,kept,4711.0
Donor_695,kept,3876.0
Donor_835,kept,1760.0
Donor_838,kept,1455.0
,removed,21.0
Donor_47,kept,2729.0
Donor_1294,kept,2804.0
Donor_1207,kept,4737.0
Donor_878,kept,3821.0
Donor_1180,kept,3197.0
Donor_840,kept,936.0
Donor_719,kept,7463.0
Donor_1379,kept,4272.0
Donor_400,kept,4667.0
Donor_279,kept,4294.0
Donor_559,kept,4176.0
Donor_751,kept,3208.0
Donor_503,kept,4565.0
Donor_865,kept,7282.0
Donor_1095,kept,5262.0
Donor_159,kept,5356.0
Donor_1118,kept,3324.0
Donor_418,kept,3889.0
Donor_1070,kept,4632.0
Donor_1150,kept,4756.0
Donor_1063,kept,4501.0
Donor_923,kept,2368.0
Donor_492,kept,2260.0
Donor_924,kept,292.0
Donor_442,kept,7259.0
Donor_950,kept,6894.0
Donor_836,kept,6331.0
Donor_208,kept,5941.0
Donor_1401,kept,2912.0
Donor_278,kept,6498.0
Donor_1213,kept,6190.0
Donor_1173,kept,5811.0
Donor_608,kept,4377.0
Donor_309,kept,5473.0
Donor_620,kept,4615.0
Donor_409,kept,7773.0
Donor_1382,kept,6946.0
Donor_516,kept,5293.0
Donor_1408,kept,5006.0
Donor_173,kept,2902.0
Donor_30,kept,2943.0
Donor_761,kept,2451.0
Donor_119,kept,1313.0
Donor_1298,kept,1953.0
Donor_1332,kept,6607.0
Donor_175,kept,5861.0
Donor_129,kept,5833.0
Donor_677,kept,5380.0
Donor_1426,kept,5018.0
Donor_1344,kept,1502.0
Donor_805,kept,7084.0
Donor_411,kept,5511.0
Donor_311,kept,4779.0
Donor_808,kept,4801.0
Donor_408,kept,4737.0
Donor_1364,kept,5138.0
Donor_823,kept,5699.0
Donor_572,kept,5564.0
Donor_807,kept,5431.0
Donor_1159,kept,3197.0
Donor_424,kept,1873.0
Donor_528,kept,8393.0
Donor_814,kept,9560.0
Donor_1267,kept,4570.0
Donor_1110,kept,1704.0
Donor_1058,kept,7317.0
Donor_1067,kept,6543.0
Donor_378,kept,6482.0
Donor_1000,kept,6084.0
Donor_1217,kept,2803.0
Donor_337,kept,4933.0
Donor_1410,kept,6452.0
Donor_536,kept,4654.0
Donor_1078,kept,4404.0
Donor_1248,kept,4728.0
Donor_1450,kept,3262.0
Donor_1457,kept,7241.0
Donor_324,kept,3203.0
Donor_1130,kept,1264.0
Donor_1038,kept,1505.0
Donor_475,kept,1088.0
Donor_319,,
Donor_943,kept,8192.0
Donor_44,kept,8321.0
Donor_1420,kept,6299.0
Donor_1367,kept,5875.0
Donor_506,kept,5135.0
Donor_946,kept,4202.0
Donor_136,kept,7504.0
Donor_546,kept,5501.0
Donor_1212,kept,5150.0
Donor_653,kept,4971.0
Donor_632,kept,4443.0
Donor_929,kept,3215.0
Donor_1438,kept,8196.0
Donor_317,kept,7299.0
Donor_355,kept,6410.0
Donor_937,kept,5403.0
Donor_1048,kept,3842.0
Donor_31,kept,3573.0
Donor_768,kept,2142.0
Donor_455,kept,1351.0
Donor_1370,kept,1375.0
Donor_787,kept,1251.0
Donor_428,kept,6988.0
Donor_1238,kept,6629.0
Donor_1006,kept,5952.0
Donor_914,kept,1594.0
Donor_545,kept,1942.0
Donor_25,kept,8455.0
Donor_997,kept,7194.0
Donor_844,kept,6154.0
Donor_709,kept,4543.0
Donor_493,kept,1279.0
Donor_1436,kept,1324.0
Donor_631,kept,7034.0
Donor_1196,kept,6744.0
Donor_177,kept,6291.0
Donor_1320,kept,4086.0
Donor_1325,kept,3786.0
,removed,11.0
Donor_646,kept,5395.0
Donor_494,kept,6677.0
Donor_1100,kept,4743.0
Donor_882,kept,3446.0
Donor_161,kept,2628.0
Donor_638,kept,2390.0
Donor_1072,kept,8664.0
Donor_481,kept,7102.0
Donor_164,kept,7274.0
Donor_675,kept,7298.0
Donor_1304,kept,4417.0
Donor_233,kept,1286.0
Donor_1291,kept,6679.0
Donor_1312,kept,3151.0
Donor_1117,kept,5909.0
Donor_855,kept,4160.0
Donor_1082,kept,2411.0
Donor_224,kept,7272.0
Donor_659,kept,6551.0
Donor_349,kept,6419.0
Donor_1334,kept,5338.0
Donor_307,kept,5181.0
Donor_393,kept,3501.0
Donor_1326,kept,3875.0
Donor_334,kept,7173.0
Donor_1308,kept,7072.0
Donor_1469,kept,7010.0
Donor_478,kept,2608.0
Donor_853,kept,1142.0
Donor_973,kept,5198.0
Donor_1462,kept,5047.0
Donor_597,kept,5102.0
Donor_1219,kept,2739.0
Donor_673,kept,1894.0
Donor_214,kept,7274.0
Donor_1254,kept,6945.0
Donor_1186,kept,4751.0
Donor_301,kept,5976.0
Donor_297,kept,3806.0
Donor_162,kept,6419.0
Donor_936,kept,5090.0
Donor_74,kept,5266.0
Donor_1272,kept,3166.0
Donor_978,kept,3510.0
Donor_550,kept,3464.0
Donor_611,kept,7715.0
Donor_1206,kept,7180.0
Donor_616,kept,7594.0
Donor_637,kept,4084.0
Donor_41,kept,4210.0
Donor_1380,kept,846.0
Donor_1233,kept,6570.0
Donor_430,kept,6301.0
Donor_1156,kept,4728.0
Donor_1386,kept,4341.0
Donor_1424,kept,3042.0
Donor_1305,kept,8059.0
Donor_552,kept,7903.0
Donor_1484,kept,7043.0
Donor_286,kept,4435.0
Donor_432,kept,5215.0
Donor_1129,kept,3427.0
Donor_238,kept,8859.0
Donor_979,kept,7003.0
Donor_1204,kept,5010.0
Donor_131,kept,569.0
Donor_340,kept,12064.0
Donor_1103,kept,7445.0
Donor_367,kept,7872.0
Donor_1307,kept,4589.0
Donor_821,kept,9387.0
Donor_1487,,
Donor_90,kept,5969.0
Donor_29,kept,5128.0
Donor_1324,kept,1325.0
Donor_281,kept,9553.0
Donor_37,kept,8265.0
Donor_461,kept,5151.0
Donor_912,kept,1528.0
Donor_777,kept,993.0
Donor_804,kept,7063.0
Donor_554,kept,6053.0
Donor_519,kept,3719.0
Donor_1369,kept,2427.0
Donor_736,kept,1405.0
Donor_1259,kept,3023.0
Donor_192,kept,6998.0
Donor_68,kept,7023.0
Donor_298,kept,1850.0
Donor_471,kept,742.0
Donor_273,kept,1372.0
Donor_465,kept,291.0
Donor_537,kept,6423.0
Donor_1459,kept,2965.0
Donor_1015,kept,3131.0
Donor_694,kept,1423.0
Donor_447,kept,178.0
Donor_687,kept,90.0
Donor_991,kept,6290.0
Donor_1099,kept,5728.0
Donor_1300,kept,4916.0
Donor_1451,kept,4119.0
Donor_495,kept,8020.0
Donor_718,kept,5112.0
Donor_210,kept,7322.0
Donor_813,kept,4723.0
Donor_1423,kept,3842.0
Donor_772,kept,4268.0
Donor_583,kept,3300.0
Donor_907,kept,2765.0
Donor_520,kept,2679.0
Donor_358,kept,1858.0
Donor_591,kept,929.0
Donor_1389,kept,1406.0
Donor_757,kept,1523.0
Donor_862,kept,639.0
Donor_66,kept,327.0
Donor_542,kept,6870.0
Donor_551,kept,6538.0
Donor_103,kept,4404.0
Donor_592,kept,3669.0
Donor_635,kept,2974.0
Donor_595,kept,1342.0
Donor_21,kept,2721.0
Donor_437,kept,2807.0
Donor_893,kept,1623.0
Donor_468,kept,1261.0
Donor_373,kept,1325.0
Donor_1023,kept,1044.0
Donor_1176,kept,3426.0
Donor_1318,kept,3095.0
Donor_1019,kept,2307.0
Donor_1395,kept,2171.0
Donor_1418,kept,1881.0
Donor_1135,kept,1543.0
Donor_479,kept,723.0
Donor_1317,kept,8222.0
Donor_232,kept,7309.0
Donor_268,kept,5366.0
Donor_1098,kept,5515.0
Donor_450,kept,3716.0
Donor_54,kept,1365.0
Donor_1297,kept,5603.0
Donor_320,kept,2553.0
Donor_954,kept,823.0
Donor_1375,kept,521.0
Donor_759,,
Donor_581,kept,5711.0
Donor_1124,kept,1850.0
Donor_944,kept,1151.0
Donor_1301,kept,1017.0
Donor_726,kept,556.0
Donor_681,kept,2378.0
Donor_1391,kept,4478.0
Donor_304,kept,2888.0
Donor_531,kept,2469.0
Donor_1195,kept,2208.0
Donor_205,kept,2342.0
Donor_38,kept,5374.0
Donor_1125,kept,4015.0
Donor_1278,kept,3568.0
Donor_1409,kept,3561.0
Donor_1295,kept,1966.0
Donor_738,kept,1425.0
Donor_1411,kept,4095.0
Donor_1062,kept,3973.0
Donor_397,kept,1321.0
Donor_112,kept,762.0
Donor_920,kept,392.0
Donor_1230,kept,3387.0
Donor_101,kept,3606.0
Donor_498,kept,1753.0
Donor_510,kept,2405.0
Donor_1261,kept,1073.0
Donor_708,kept,674.0
Donor_1414,kept,6745.0
Donor_1193,kept,6326.0
Donor_10,kept,5562.0
Donor_1406,kept,4803.0
Donor_318,kept,3814.0
Donor_55,kept,6380.0
Donor_124,kept,8523.0
Donor_728,kept,8140.0
Donor_223,kept,3735.0
Donor_1276,kept,2972.0
Donor_1007,kept,579.0
Donor_1068,kept,7594.0
Donor_1123,kept,5162.0
Donor_928,kept,6464.0
Donor_1022,kept,2197.0
Donor_179,kept,1128.0
Donor_1390,kept,7098.0
Donor_135,kept,3616.0
Donor_1246,kept,6391.0
Donor_121,kept,5808.0
Donor_1188,kept,4511.0
Donor_245,kept,3728.0
Donor_899,kept,7887.0
Donor_277,kept,7446.0
Donor_1194,kept,7262.0
Donor_1065,kept,7105.0
Donor_264,kept,5994.0
Donor_377,kept,186.0
Donor_48,kept,8412.0
Donor_70,kept,6229.0
Donor_485,kept,5571.0
Donor_756,kept,5591.0
Donor_275,kept,4103.0
Donor_826,kept,3307.0
Donor_332,kept,8291.0
Donor_753,kept,6820.0
Donor_236,kept,6292.0
Donor_998,kept,6139.0
Donor_904,kept,5733.0
Donor_241,kept,2203.0
Donor_4,kept,8502.0
Donor_706,kept,7538.0
Donor_809,kept,7309.0
Donor_181,kept,6897.0
,removed,3.0
Donor_1131,kept,6751.0
Donor_605,kept,6430.0
Donor_333,kept,5017.0
Donor_1126,kept,4188.0
Donor_987,kept,713.0
,removed,426.0
Donor_870,kept,9201.0
Donor_1257,kept,6910.0
Donor_1288,kept,6560.0
Donor_92,kept,5466.0
Donor_310,kept,7877.0
Donor_860,kept,6840.0
Donor_1236,kept,4059.0
Donor_1483,kept,2874.0
Donor_647,kept,5669.0
Donor_994,kept,7793.0
Donor_417,kept,6106.0
Donor_562,kept,6040.0
Donor_935,kept,3350.0
Donor_915,kept,8795.0
Donor_40,kept,7205.0
Donor_1430,kept,6837.0
Donor_955,kept,3326.0
Donor_244,kept,3593.0
Donor_15,kept,5706.0
Donor_185,kept,5786.0
Donor_295,kept,4981.0
Donor_453,kept,5370.0
Donor_1407,kept,3319.0
Donor_1145,kept,3311.0
Donor_218,kept,1948.0
Donor_1090,kept,3579.0
Donor_1174,kept,4076.0
Donor_1031,kept,3956.0
Donor_662,kept,794.0
Donor_18,kept,7086.0
Donor_676,kept,6113.0
Donor_748,kept,6175.0
Donor_187,kept,4514.0
Donor_254,kept,4338.0
Donor_643,kept,1092.0
Donor_755,kept,4329.0
Donor_685,kept,3318.0
Donor_956,kept,2924.0
Donor_1114,kept,2104.0
Donor_94,kept,1756.0
Donor_514,kept,8277.0
Donor_1144,kept,5044.0
Donor_871,kept,3181.0
Donor_902,kept,2858.0
Donor_1343,kept,3026.0
Donor_1134,kept,508.0
Donor_285,kept,7103.0
Donor_897,kept,6986.0
Donor_660,kept,6041.0
Donor_1203,kept,5055.0
Donor_521,kept,2809.0
Donor_67,kept,1860.0
Donor_590,kept,9293.0
Donor_563,kept,6485.0
Donor_801,kept,5071.0
Donor_713,kept,4706.0
Donor_1025,kept,4366.0
Donor_524,kept,2585.0
Donor_172,kept,4390.0
Donor_1014,kept,3103.0
Donor_1106,kept,3071.0
Donor_1105,kept,1093.0
Donor_892,kept,1537.0
,removed,95.0
Donor_648,kept,3847.0
Donor_302,kept,6591.0
Donor_1492,kept,7303.0
Donor_1011,kept,4633.0
Donor_845,kept,4533.0
Donor_1309,kept,2610.0
Donor_1113,,
Donor_1439,kept,3270.0
Donor_885,kept,2278.0
Donor_1008,kept,1924.0
,removed,47.0
,removed,22.0
Donor_1490,kept,9995.0
Donor_191,kept,3990.0
Donor_407,kept,4328.0
Donor_139,kept,3619.0
Donor_374,kept,1577.0
Donor_938,kept,1469.0
Donor_396,kept,4490.0
Donor_976,kept,8111.0
Donor_356,kept,5706.0
Donor_975,kept,1871.0
Donor_88,kept,53.0
,removed,60.0
Donor_522,kept,8662.0
Donor_1091,kept,6510.0
Donor_996,kept,4051.0
Donor_926,kept,4901.0
Donor_799,kept,3805.0
Donor_664,kept,1382.0
Donor_523,kept,9921.0
Donor_570,kept,6914.0
Donor_888,kept,5041.0
Donor_850,kept,4444.0
Donor_157,kept,3014.0
Donor_1235,kept,6562.0
Donor_343,kept,6666.0
Donor_1041,kept,4623.0
Donor_404,kept,4247.0
Donor_1353,kept,1367.0
Donor_557,kept,6497.0
Donor_16,kept,4396.0
Donor_918,kept,4133.0
Donor_1348,kept,4576.0
Donor_359,kept,4529.0
Donor_843,kept,8748.0
Donor_477,kept,6028.0
Donor_985,kept,5938.0
Donor_797,kept,4970.0
Donor_1359,kept,1210.0
Donor_1275,kept,207.0
,removed,1.0
Donor_535,kept,37.0
